哆啦A梦：伴我同行2,magnet:?xt=urn:btih:35c6652f69d73ae69d918cc9def27d7e83d239eb&dn=[电影天堂www.dytt89.com]哆啦A梦：伴我同行2-2021_BD国粤日三语中字.mp4&tr=http://t.t789.me:2710/announce&tr=http://t.t789.co:2710/announce&tr=http://t.t789.vip:2710/announce
寂静之地2,magnet:?xt=urn:btih:884cb7db490f994d29cb17e34d4f06424af98368&dn=[电影天堂www.dytt89.com]寂静之地2-2021_BD中英双字V2.mp4&tr=http://t.t789.me:2710/announce&tr=http://t.t789.co:2710/announce&tr=http://t.t789.vip:2710/announce
浪客剑心 最终章 人诛篇,magnet:?xt=urn:btih:6c0ab71135d68d997abaee48a61f96dc85fb8846&dn=[电影天堂www.dytt89.com]浪客剑心 最终章 人诛篇-2021_BD日语中字.mp4&tr=http://t.t789.me:2710/announce&tr=http://t.t789.co:2710/announce&tr=http://t.t789.vip:2710/announce
悬崖之上,magnet:?xt=urn:btih:6b0900b2e903d96fac0c1e935dd56e73399f1388&dn=[电影天堂www.dytt89.com]悬崖之上-2021_HD国语中字.mp4&tr=http://t.t789.me:2710/announce&tr=http://t.t789.co:2710/announce&tr=http://t.t789.vip:2710/announce
鬼灭之刃 剧场版 无限列车篇,magnet:?xt=urn:btih:82e622151035dc87d8344389b9b7d3d9d946ed30&dn=[电影天堂www.dytt89.com]鬼灭之刃剧场版 无限列车篇-2020_BD国粤日中字.mp4&tr=http://t.t789.me:2710/announce&tr=http://t.t789.co:2710/announce&tr=http://t.t789.vip:2710/announce
追虎擒龙,magnet:?xt=urn:btih:b4794babbb2a7e80ac76a8598152247298376353&dn=[电影天堂www.dytt89.com]追虎擒龙-2021_HD国语中字.mp4&tr=http://t.t789.me:2710/announce&tr=http://t.t789.co:2710/announce&tr=http://t.t789.vip:2710/announce
秘密访客,magnet:?xt=urn:btih:4bdb5502365d3e43fdfb0dd99a97f3f5d4f7547e&dn=[电影天堂www.dytt89.com]秘密访客-2021_HD国语中字.mp4&tr=http://t.t789.me:2710/announce&tr=http://t.t789.co:2710/announce&tr=http://t.t789.vip:2710/announce
老友记重聚特辑,magnet:?xt=urn:btih:3076a3e03a412fe7411b8c163030a3dc5f9baad4&dn=[电影天堂www.dytt89.com]老友记重聚特辑-2021_BD中英双字.mp4&tr=http://t.t789.me:2710/announce&tr=http://t.t789.co:2710/announce&tr=http://t.t789.vip:2710/announce
拆弹专家2,magnet:?xt=urn:btih:7c1cf3658cfa923ee0615912eb1c598f9ce97147&dn=[电影天堂www.dytt89.com]拆弹专家2-2020_BD国粤双语中字.mp4&tr=http://t.t789.me:2710/announce&tr=http://t.t789.co:2710/announce&tr=http://t.t789.vip:2710/announce
电锯惊魂9：漩涡,magnet:?xt=urn:btih:29de658401786b1185120eff4246ea7b062b51e5&dn=[电影天堂www.dytt89.com]电锯惊魂9：漩涡-2021_BD中英双字.mp4&tr=http://t.t789.me:2710/announce&tr=http://t.t789.co:2710/announce&tr=http://t.t789.vip:2710/announce
扫黑·决战,magnet:?xt=urn:btih:e531022a5a569a149d64892a7a6c410f32470c8e&dn=[电影天堂www.dytt89.com]扫黑·决战-2021_HD国语中字.mp4&tr=http://t.t789.me:2710/announce&tr=http://t.t789.co:2710/announce&tr=http://t.t789.vip:2710/announce
人之怒,magnet:?xt=urn:btih:03894319cff48dad570d7a2c4b9e1da8473bb247&dn=[电影天堂www.dytt89.com]人之怒-2021_BD中英双字幕精译版.mp4&tr=http://t.t789.me:2710/announce&tr=http://t.t789.co:2710/announce&tr=http://t.t789.vip:2710/announce
唐人街探案3,magnet:?xt=urn:btih:6c2885499fc38ba86e0c18931c5b65b8082c6cc5&dn=[电影天堂www.dytt89.com]唐人街探案3-2021_4K国语中字.mp4&tr=http://t.t789.me:2710/announce&tr=http://t.t789.co:2710/announce&tr=http://t.t789.vip:2710/announce
活死人军团,magnet:?xt=urn:btih:c3f1495b72d22ddf6434c54b7f1061bb500f47c5&dn=[电影天堂www.dytt89.com]活死人军团-2021_BD中英双字.mp4&tr=http://t.t789.me:2710/announce&tr=http://t.t789.co:2710/announce&tr=http://t.t789.vip:2710/announce
阳光普照,magnet:?xt=urn:btih:a796fe861aa91842a1625cdd84e1797b44c6568a&dn=[电影天堂www.dytt89.com]阳光普照-2019_HD国语中字.mp4&tr=http://t.t789.me:2710/announce&tr=http://t.t789.co:2710/announce&tr=http://t.t789.vip:2710/announce
